M_CH3OH,x_CH3OH,ET
0.5764828067751588,0.15865287918800686,0.14533977710762824
0.17267917040022013,0.9779254312409587,0.5176904951670144
0.22383640716733155,0.9922850247848956,0.17635643305706591
0.2561926155056647,0.98818127656077,0.21193679758052783
0.5829071137673315,0.9951298885195039,0.19395569486836015
0.7999391068407983,0.7635707921833184,0.28726755348115995
0.17643319245445926,0.9918741623619047,0.06126834090309277
0.4785293401750732,0.7401390704204209,0.16752554921878662
0.6063083365899463,0.9975938814095284,0.33722344118080505
0.5726212231451742,0.9168813985226081,0.3778484732967129
0.15269338976052235,0.9707927184426965,0.11198533639909064
0.38567483742920317,0.9895524901642683,0.8449660852445801
0.6055472024894291,0.9974826553866556,0.18641027691157272
0.5955772985883391,0.9944951737849437,0.31176729345704146
0.435000363166956,0.9968519949481947,0.2496915469446089
0.03389836844862641,0.9843338176279934,0.04308327564953396
0.5774039347246622,0.9962805206501295,0.5497180452678646
0.14206922263017796,0.9756281007094165,0.14385067259182321
0.622326967907403,0.6917823809628139,0.135270163503833
0.6703793711435421,0.7081220287402055,0.31358385977379544
0.13017744933739125,0.986246321918608,0.26296319513931965
0.42405361512935147,0.9935654582880631,0.2931743695172663
0.4621086570471722,0.5930299367959118,0.22505285797424865
0.13891983247347203,0.9750361492622261,0.5699314195565612
0.10878870429778847,0.9967862132179273,0.07451774452077212
0.3024818078122361,0.9968954902109914,0.40108522881782316
0.44401837427010626,0.9969547006918644,0.16909280118705253
0.41660909479282715,0.9964097155722318,0.31553700260130124
0.7214055507308049,0.543597264338288,0.5457890339533631
0.16868062345202742,0.9918152809923118,0.12381180074738976
0.10647750992787605,0.9946126808806286,0.06173620595890003
0.4637782797137742,0.998004784345172,0.22338912899491717
0.7741389420245828,0.40557888461114966,0.4880952187402171
0.4221644303916152,0.5663753299909569,0.07668846036927746
0.16366898836952276,0.9861032136060983,0.04439809776533335
0.4406633995499625,0.9969974805848023,0.17981662300241139
0.425197196392862,0.5073941356080989,0.287142669087191
0.7260917393096115,0.9953763378339626,0.6465948274833502
0.25108430068500187,0.9874195732169262,0.5091082079322723
0.256243270026569,0.9937873324418252,0.2565885417499063
0.6349735379707897,0.9957288753826774,0.3682012033730645
0.6585606177454775,0.4782443154804288,0.2609080808358891
0.1833578597847741,0.984407705382534,0.1485567929345687
0.7590057876964295,0.9964582114227902,0.371939798310292
0.6815975556365762,0.39810114214379033,0.20516953555627923
0.5171350402942844,0.9941212489064493,0.435107966208491
0.25867385090586775,0.9849418712933449,0.5075297838159032
0.46911557561851536,0.9907522973452794,0.45461047846008984
0.32464699572583317,0.9935156632805608,0.1866566410614479
0.5622814731560007,0.9952580150553667,0.4905243468263425
0.5435293157311802,0.8061664229977856,0.15555971921052283
0.6397422858163062,0.7393483587963365,0.40416873351143734
0.2455639472694513,0.9757844650826561,0.17290098523730726
0.3971746346054103,0.9941833322104381,0.11558569404054583
0.2707234141651536,0.990819496511975,0.11952348347833974
0.3548452183611869,0.9954796936746233,0.20036463907695276
0.2828201667256215,0.9987345894169402,0.1608455100200197
0.2851560526683459,0.9940149454491081,0.08657762014643641
0.2965366713760163,0.9959300643346214,0.463191998493797
0.4698933953204759,0.5880213308129514,0.35042997849143565
0.08422581420496107,0.9625540160705477,0.08119955448617627
0.35485329046040337,0.37553953677863006,0.13580484910682816
0.22645256358841565,0.36066774761093456,0.11065552628090758
0.6251655034676818,0.9492545061240605,0.42048163987969445
0.2196793067750457,0.9923750217730285,0.2858595621926435
0.7307095693962526,0.631349310149772,0.5087222608606219
0.35664552239571373,0.46890323183994886,0.33790848168309406
0.13691050463917082,0.9733194857694623,0.08699523805880124
0.5498691303786681,0.7071310469865828,0.29168800001374895
0.23616710939885632,0.3821040444943218,0.11364813413837158
0.6225723953792979,0.9975540774005147,0.3723932511414729
0.520103376698097,0.4550389274742723,0.14168865323965374
0.6454604622813186,0.5748334690026298,0.184060522106859
0.034561515368114026,0.9119397459266325,0.2695159189034998
0.4483877221466906,0.33392339390382353,0.36999068459806217
0.4970604899351856,0.758676429698631,0.12083020597197283
0.22468771916692842,0.9824870666609844,0.07059187958320673
0.5601393322836559,0.9948499062641558,0.6718250617796211
0.37795750852946075,0.9874760594731649,0.37114259102365443
0.40639111473084893,0.9980999738085881,0.13513966247228992
0.6273087706751841,0.9352203624569679,0.4747228659648518
0.257892444914561,0.9989072294158248,0.1493393370955136
0.3242142977533989,0.9958237347147543,0.6572761784430409
0.18805215716961807,0.997057969290976,0.21465288179203237
0.8546736410190907,0.6018091784060793,0.49090492519500295
0.6011454437642878,0.9963000767012831,0.3310979194842105
0.27540966187458465,0.08489207642053054,0.19668297548348304
0.402034302274969,0.5345725518513869,0.31194124618800123
0.7634477101510686,0.7932540326472288,0.3436163838914764
0.364908476048503,0.9974526383113453,0.14224021449214377
0.5973693029848963,0.993368559920224,0.18850420073762772
0.24108485743397912,0.19551892664819825,0.3076423459941511
0.6978270329430467,0.42605013644673506,0.264836579432592
0.6574884158434059,0.2918742241116321,0.480796484038326
0.38664607234443804,0.990604044917345,0.3480534112415463
0.4774260661214773,0.7859573529759791,0.6329149377069557
0.028245388579966717,0.9577137216756759,0.06657139200895115
0.16443933349030082,0.9799662961892894,0.16893623044490372
0.1468645825302868,0.9996867742211875,0.04738831538171426
0.15032451374753644,0.9775322584205137,0.13308005852800722
0.6279828104295615,0.8457527265502154,0.33637498059567883
0.6018684910905295,0.5976598139669951,0.1881169598987402
0.7119646721250541,0.9965260169642172,0.36696079539447546
0.261105095338282,0.9824719541889999,0.22812479522713128
0.12083436402441461,0.9768869707076708,0.1843622955341491
0.9460422562415362,0.32402254454669843,0.40656063931842557
0.5783527709033949,0.8772169142189628,0.17982732122978215
0.20353391417455854,0.9975713381567861,0.14430439111508922
0.3207850388359502,0.9948969937398877,0.14734466410570687
0.305141706980244,0.9872973161168181,0.07499051987474331
0.7600479035163688,0.39663052127217147,0.3787720745669858
0.5002814781232393,0.9963181645827224,0.21246351141193667
0.11967553692101143,0.9850750281398242,0.4135295255570244
0.26859815127550063,0.9964342149138383,0.3955586864388384
0.9148503363560724,0.9972028856434705,0.4685433865647908
0.641273569288963,0.9966657596198909,0.6503604630626338
0.3036180313814182,0.9897102736050287,0.32128388208997005
0.9139516892066142,0.4580690300416117,0.16627494208185842
0.126197262252578,0.9813054076098149,0.16517010822431202
0.48367520508581185,0.9944953024402758,0.24288363602237448
0.18047481186361963,0.9779334247248392,0.17633340084734214
0.561300900570894,0.6838427441431831,0.18234079407893092
0.7919312574203818,0.9960748671573161,0.7639119203214355
0.18371060255025826,0.9969155093027358,0.1168946917507998
0.14241063350133853,0.9839234590662091,0.18872274615257154
0.4752840173534504,0.33961408390394676,0.11891877984005245
0.03326764817622445,0.9538957666476688,0.1437222998232644
0.46380618931872847,0.8604338698353724,0.1078226934987857
0.6661917841025947,0.869013634745879,0.26649481352404847
0.16175249737726602,0.9814891465457729,0.14693429920695922
0.10095932279830425,0.968313228078775,0.04373539343171409
0.1529623270894182,0.9769002677666323,0.07835037236011477
0.06312209789412102,0.9658701515802395,0.050133696738254796
0.08628471302659949,0.9975128248675686,0.12794408500034782
0.7053783624783064,0.8675602643439639,0.1960409120853698
0.442841487013276,0.26750865495229603,0.39979138517980906
0.4432011653006428,0.35357420284749463,0.3504743234746086
0.40436018554485426,0.4179964313844924,0.13536544584299598
0.07459921697921533,0.9853423947991302,0.11323242537285297
0.3305951992976466,0.9919298367158611,0.16864541836796929
0.13491284035097958,0.9770701180450125,0.1478399231704989
0.18300394791236868,0.9816368820350483,0.5306590427777818
0.6207203164019766,0.770316166440028,0.44359271862770455
0.1506965701909303,0.9945718312570089,0.2315349037344269
0.37757223928180284,0.8296072226734561,0.3663433175776083
0.4488746898545427,0.6124786474579083,0.23829712251801896
0.6276428904414423,0.9971354899497336,0.4184326993692279
0.1301660168002681,0.995742507823804,0.19487874702001282
0.34102126785543196,0.9965315119792637,0.3123876662389816
0.5219950515825803,0.9930935645444914,0.6169892367248455
0.7290529256679629,0.9964979089725301,0.6931879823002834
0.45053600549383704,0.9060819884194531,0.17863372302087718
0.1732257512088831,0.9905402597849491,0.10123631791329954
0.612199814127859,0.9946357157767254,0.34978875504871076
0.3764653095283606,0.9881662232566006,0.21189240112515337
0.6126266185720538,0.993611125834106,0.3996238125972563
0.1897749596503597,0.9875017517057463,0.1714104603424693
0.6760225740701037,0.8809547846017238,0.41428600535096516
0.670003523411094,0.48038698145275727,0.5562400794047808
0.9115113223684339,0.8334281608186449,0.6381291411997078
0.79385758910933,0.7765577002734145,0.5221617140639093
0.5573969768303694,0.9975319127285094,0.4636765514664264
0.7337956900892595,0.36565104819842253,0.26168854170748923
0.36822274980838116,0.9937830447596421,0.4183736633391425
0.7386636480167874,0.9967164220855482,0.3328652386001635
0.26049140572601964,0.9911884920060394,0.33479800703541474
0.1771382724347249,0.9796345082990501,0.3256862876308081
0.8618258933151325,0.6367575659588505,0.43376783811493425
0.33115049378174705,0.9984586188079858,0.17840550563640709
0.10772606389299816,0.9642465388833059,0.15583761942052435
0.15759653329787404,0.988908448900675,0.41942507084747094
0.9819817543041613,0.7629869444731445,0.6288023201921583
0.6220998656691317,0.4008532317359459,0.15417750852136194
0.6551031450765007,0.996929280377983,0.3896078459463972
0.5563216548890065,0.9927690306149508,0.76235779758046
0.45621677154626566,0.47694114959717493,0.3035425351792389
0.2784003495205024,0.9919058226307305,0.2260764724700771
0.6441394521479433,0.9962380011159324,0.2505673727406381
0.5516638671226206,0.5953430862202389,0.267604348470712
0.46360912179768615,0.9970433858768144,0.39966157449831263
0.6484921362075117,0.9418903820596414,0.32875551692334426
0.285073951257917,0.9847320040708365,0.23150307296055792
0.5046643804537295,0.32228818521445235,0.2853270590665107
0.9701102374108488,0.5282329103636576,0.8125382104840011
0.36640415475754795,0.988696546771507,0.17044941981222925
0.7176533524983382,0.671027294782468,0.5482839051911936
0.14309585682692416,0.9721360435171447,0.21179102322609408
0.3954211665584863,0.501307745989003,0.198293265633438
0.12454565279649493,0.9937992006416254,0.10045204121442683
0.5958284141283869,0.9976561168607245,0.18758131768795286
0.23074915054704742,0.9843347643576366,0.26794672910082773
0.11685308039178055,0.9617915122346974,0.0616013755884004
0.06582592735858647,0.9965904125352101,0.07159374589842846
0.5335828027780797,0.9929845583483796,0.5397745271581382
0.5369035560197648,0.5793036857116125,0.2746980971705687
0.36228021376715475,0.9949115754289422,0.2699748759689661
0.4409410395516731,0.995994688514785,0.25598479190149426
0.6372014511102012,0.12990429485246602,0.15215318692554733
0.13426434923728178,0.9794266936721387,0.09620088535740301
0.345521537678706,0.9958821895860968,0.30696028325106417
0.16180627324728647,0.9787931869616362,0.10862885616053675
0.2898454574574258,0.6563447150138477,0.18415639647156826
0.14964408645652205,0.9857288066066363,0.0
0.6490964257805957,0.2519729127171624,0.2614476421727314
0.4590806759665067,0.9943948351133411,0.2658862098772383
0.2274678017047304,0.9909713351678253,0.1865314500137176
0.5910062402931915,0.9971258868239661,0.2005954688731861
0.5563351237855174,0.6517108006536458,0.5278432089629216
0.10135899985887328,0.9850529627310995,0.07695687296931447
0.34646199726137306,0.9909960833479026,0.6362249204545826
0.25607289896302454,0.3116521270411059,0.08825076957201
0.633841586283142,0.995961888796651,0.34221120324382814
0.21659282240924665,0.9949141583559704,0.29402515580728117
0.3380006392669765,0.9913608349621283,0.4721854235712165
0.6350101210703992,0.3208659903149431,0.296268879698815
0.24938779307518655,0.9919300315422601,0.18115184666081982
0.3796976366161781,0.9964689141081509,0.30826101215271984
0.372554737493688,0.9948134294836721,0.3631599112952629
0.9012804315372939,0.9972987431139548,0.687376884114335
0.5569796576995605,0.9941354132131315,0.45179352962521513
0.44515689711937817,0.566449184185587,0.35531917032359683
0.629590813717748,0.6884574703429449,0.3497839515670268
0.06800213059476093,0.9737476865703931,0.16910033846576614
0.5614348725436188,0.9951879482626305,0.14649673476150712
0.625254656533952,0.5684706307382885,0.34021772824917196
0.3791088717466658,0.9886103670506625,0.129374539785621
0.2092627851200159,0.9800551517157887,0.2440335763936616
0.6743495539115204,0.6363003646870087,0.42644308905703787
0.4053298971150474,0.9961589737378789,0.20167214435360095
0.5258657621549636,0.9414733329222711,0.26515943426203636
0.23821084166332634,0.9886350246244262,0.19775185987740726
0.16558678278766983,0.9783693476574726,0.061289347505567277
0.43701171897264224,0.3432009815347923,0.3042681487863953
0.3026568727334503,0.9833681173381736,0.4667776923343795
0.726243872808993,0.9961503614999436,0.5373570589107594
0.8710632193456677,0.7866201725902682,0.5949857601314323
0.3296353768511673,0.1315640728267522,0.30114259183535697
0.5168271760653548,0.6806260595895386,0.272023887893975
0.1270250490614143,0.997099745387301,0.04584691109195804
0.21635107484980975,0.9911029950007839,0.2374432144420444
0.3479463888262224,0.9933936028770713,0.1474629708897332
0.41541590834259323,0.9250504600038585,0.2557163031273231
0.4745564712176068,0.9923292798730794,0.5012109483656114
0.4809600482046442,0.6053781936590583,0.1722140073700086
0.2930705915342397,0.990109936495388,0.1990862640644994
0.2167696544622086,0.9923346445126529,0.12749390103329547
0.14534640298833945,0.9741101733385971,0.06155708222352421
0.17259667009299198,0.983358938074893,0.42070709848617416
0.2083313969062617,0.9812083456874612,0.08631470852604178
0.19859175265125042,0.993282678359354,0.2654966490906152
0.552584036781862,0.9094989997484493,0.3359546547693584
0.5478468330871822,0.7893905624561464,0.33288103662254065
0.186139356813607,0.9842444782674151,0.1370666871624696
0.1703187650410249,0.9862731565670384,0.022769531339159654
0.5077699879026834,0.9978593384588257,0.28316361546426405
0.5675736692660931,0.9930509849065621,0.256319688500664
0.2986948210453859,0.9958363134108053,0.1993269426274796
0.2385515375242082,0.9855765531262402,0.8023408620584286
0.8280797780114728,0.37411370010621536,0.6071691690300342
0.11355077342397374,0.9594784043353799,0.1363930794018233
0.44402635454608425,0.9958247981468176,0.26498252051594395
0.20344211174146998,0.9910493014196253,0.13601277955125188
0.7982611555546131,0.9961247263125392,0.7579325106262484
0.28424083921118665,0.9956906247958368,0.4160483104041196
0.20927690960763926,0.9797642601967536,0.07541130884734853
0.42178627351145453,0.9962683756302615,0.2710607674772987
0.18908603588121994,0.7830819725285807,0.12164357773021786
0.25097746236754126,0.998287524569385,0.2690348404853251
0.2852626716923838,0.9923762325996137,0.29097670695724465
0.6642309650241807,0.9979304513814318,0.8356695063217908
0.5717449698244774,0.9939390942181439,0.8688581776982744
0.23048631064922692,0.995171255629338,0.15988689001131764
0.24192104374700857,0.9908590056947466,0.1511204842942259
0.6374479056139694,0.9957532146572834,0.33193934073108256
0.2981260741789539,0.9919606375760208,0.1009820618319765
0.20449361726448473,0.9875689318147367,0.04831942357228017
0.13883982302540054,0.9762755575109681,0.15663505430275723
0.21749136660470544,0.9779343528333928,0.21183700125776392
0.9665011405953463,0.9975394551402645,0.36587367242287705
0.3714089079169123,0.9947421470049387,0.7493269542270681
0.4258717612508225,0.7959467887117666,0.19300160727826457
0.5902866745863132,0.9952755041676122,0.4012521151391425
0.5406339616043344,0.994505967888599,0.2922905260957187
0.3290158459270748,0.9958492160656516,0.17337297344172412
0.7928103132283176,0.7725131591270362,0.4526766949571628
0.5206137759546255,0.9945315173108116,0.630303768161105
0.480417764870782,0.9976976847560273,0.27917183691216874
0.7547432635414169,0.6958927614571644,0.48192526645157563
0.4297710303241597,0.9961421426528483,0.30668898380668186
0.801682319188911,0.5507608232851078,0.3640039044384228
0.6811526306521675,0.9692241527362959,0.5568213226456585
0.294271854792441,0.9839881361852425,0.3664782340564754
0.9553892184463508,0.5906742630037114,0.3945302166249194
0.46041240859788074,0.6119903986855582,0.16202022671740615
0.5373404110338653,0.9952395863830203,0.2558236946394312
0.1675626630110431,0.98070902813822,0.07234009501653776
0.4773144764568612,0.7740684632396928,0.18152401662147846
0.7786435611846398,0.9966589114134241,0.5962083750032195
0.5838484861882869,0.9322359928619572,0.4251438580483191
0.18672590256536523,0.986597029425029,0.35303883742684883
0.3364538222505178,0.9941897352355042,0.4247799042443623
0.4284094941363212,0.9974432783384974,0.4192941817358694
0.46826071616621306,0.7865129808489832,0.15885438079107111
0.1862620136112922,0.9932261980407764,0.22073912918875901
0.2884268154886621,0.5509843386781375,0.14576573155552508
0.4067752240882114,0.9963339599892616,0.0520316389967628
0.46971988009255045,0.9947676987859777,0.43479371566857294
0.3584870571090754,0.9978064726782898,0.19505645127286922
0.779326692375978,0.9968897710738245,0.41552472467323864
0.6347193375342947,0.9150410509962443,0.4738265417562928
0.2705522367709297,0.9865288044530549,0.11876534480169823
0.59782273181244,0.9945190915547026,0.4183925624743715
0.4836819042110766,0.7202217532340496,0.20548826486180208
0.5194218372444144,0.9979281520561887,0.22074058539820077
0.5893156887439983,0.9941659894988775,0.6189392210859742
0.33658793344977667,0.9981546738142832,0.2652193716262621
0.44544552024061007,0.7736376191239198,0.2360064983541527
0.11319246616445619,0.99228036224568,0.2220786411658132
0.5638733229978997,0.9932428643570204,0.39616702870515685
0.44464902000921414,0.3747350629433186,0.2034489398484761
0.6253260854793432,0.9972894953392004,0.4374111822304608
0.44808152190241274,0.9929942760863641,0.17826605644275442
0.22237927439851796,0.9948614331088803,0.1947601760093812
0.30336909900754183,0.9887376654643669,0.4394351170645684
0.07921579404286276,0.9737957086313498,0.05518904546924147
0.43850080517838597,0.9968974167768849,0.18096856406885045
0.5773709444123295,0.9928549884734716,0.2631496897273652
0.6204658518034626,0.5896282490294198,0.49513125313666373
0.5616406397472224,0.9979000393154676,0.43284075929059995
0.5252178020863709,0.9075741165544657,0.32042138526565844
0.46606883154483186,0.9975895906151224,0.4110619615065161
0.45828790018601145,0.9324524306874606,0.3122140425912807
0.09346209914613887,0.9898350243854959,0.014176835246061628
0.2954902522607676,0.9886517084132997,0.25705515646562205
0.04501332467092009,0.9661340293689922,0.046803150898174634
0.6248674439441848,0.9961166177851062,0.3968969632783361
0.4239749629603605,0.993085987217069,0.4781341384367359
0.20978868786913818,0.9945439870422434,0.1637230268645409
0.3690302598420027,0.9931383383731698,0.19307427098082183
0.2479243644171047,0.9923821240633128,0.0867733468289538
0.5869051539665315,0.9978906495332096,0.41796302245457195
0.5430312396361575,0.714336424802491,0.35144819154882667
0.15902536031791367,0.9885604516729172,0.20080479543604432
0.43705181035016377,0.997447429208896,0.17893923010128684
0.19124942916679677,0.9205437295238525,0.08259451246226743
0.21011696363873897,0.5825276844669316,0.19724242668872619
0.74944727902123,0.29680491596924763,0.37842134569989727
0.17842647730470676,0.9335113055624629,0.1939976815167492
0.6038682428637477,0.8484352245818962,0.4130578716743186
0.3711524013935196,0.9930518038129998,0.40698752740887856
0.43226217799784267,0.6871538415085621,0.27760485939890556
0.6611381488431463,0.9955760325766938,0.19603041240638572
0.5190129859810588,0.3939744302246304,0.106215419052693
0.08283678343957782,0.9715163950152037,0.05150235697889913
0.4611982571868878,0.9971007490876345,0.26722722256034215
0.5411262371388299,0.8405235790967114,0.3963269512166845
0.5272392122375036,0.9925739868829229,0.2645712272095486
0.1010678419143122,0.9640251090051148,0.06841706537783104
0.3763698247931267,0.9884273637542089,0.29892845325796924
0.668108295906012,0.6841513381197328,0.44298003278171716
0.21647780802337052,0.9891377944481656,0.3714704742775673
0.7081935406576179,0.9202947719488221,0.37420207666016125
0.4503859808482186,0.998137913346165,0.3968300340071096
0.3067800764013913,0.9927778707141413,0.4104022003193556
0.5897868160490474,0.5105616137389288,0.1711880309895036
0.8492218497089924,0.9972837116161337,0.4244621847668125
0.33127965937402176,0.9138471592084876,0.20099741636031823
0.16176968450795043,0.9754880077749684,0.0658232598744822
0.2420894913611898,0.9984779958146859,0.07637779152625057
0.1537805163215839,0.9864901124807977,0.21915266259778962
0.10556663519738532,0.9685917691434482,0.05970229891813322
0.1814156622451279,0.5219146838123081,0.1352748381422936
0.2343096871685248,0.4665443076598257,0.1116368084012399
0.4563701503768801,0.9960361769564317,0.4447609392424209
0.47276219757368376,0.9938057150466666,0.3463334640346717
0.04536116768814803,0.9659158568470774,0.4314657098096786
0.21361342905449635,0.9856958863523639,0.12702225878863307
0.5728339893567587,0.5701247171778501,0.33294425123358506
0.5688947777541568,0.9967695439247397,0.46460637837538965
0.418540404899832,0.9979046697020013,0.2756833748921874
0.3896114869237113,0.9965185451017973,0.2712453434811958
0.18324259188984982,0.9838236109758183,0.08167734604611707
0.2798705846250574,0.9950834402584918,0.21647665760862153
0.41544618576337133,0.9927279659923582,0.3913886085127798
0.7191191740866849,0.5299213983903963,0.389618665248473
0.5852719238497772,0.9181036787143604,0.25770066456112284
0.4809142087774253,0.9963634353702122,0.4404022468671237
0.5175749513770234,0.650831576609973,0.12883375824033969
0.5536058505683659,0.31494707650826315,0.29066852241063135
0.15312992168853984,0.9983935455341866,0.050561239073564385
0.028086830299608546,0.9796220918907295,0.05938344361663697
0.543424167876413,0.9950843330962711,0.15932991770143992
0.6881381383816007,0.9962856622955816,0.45783665736629375
0.07734846866754141,0.9838285525198633,0.06814107501708197
0.2123485513777463,0.8769821725013436,0.0024049552004139774
0.3083638720035741,0.9867631712800173,0.17010339525600351
0.5521466664180235,0.9978087640499085,0.39926361753546347
0.11619725807731765,0.9817972453323176,0.09931879960099949
0.3600191557058876,0.9920177240212167,0.20956166874835955
0.5027378802180896,0.9949576506358204,0.48996959620703406
0.6026413905980319,0.5719467828275369,0.3838566057207282
0.15077383139102488,0.9644799537767124,0.21447646345363722
0.6182337231136477,0.21103526947071471,0.0882447267808038
0.6059519221657378,0.9956761274507044,0.3650955693730735
0.5400428605326266,0.9285601912170709,0.42759445119333284
0.0,0.9722401310794717,0.005677792027390813
0.3845921976682447,0.995845691913215,0.32509537511471853
0.6865134430648553,0.8353908016161873,0.42256997858594736
0.3314123674159332,0.9859696371887534,0.25726778524132665
0.19445726573697583,0.14253300492205145,0.14155789543423405
0.7160128609018368,0.9952362071587342,0.548148511760299
0.16245923253052538,0.9905627880140362,0.06014420803551923
0.3400985271575827,0.996408947526463,0.28071047592612675
0.2539237220038856,0.9868170235482545,0.2651509690476439
0.43199871427108993,0.9909558767036872,0.6888164240394208
0.5767081402293461,0.38647100519978905,0.43123591717912413
0.8587895406445094,0.4627163408989523,0.6722545286196234
0.35072576048479115,0.9970594904746128,0.14329305690469046
0.34414830593085793,0.9938877217940585,0.28478941444057115
0.2237949063541032,0.9894756423634654,0.0643053428780524
0.6802525183784192,0.45302730020061843,0.35362472360109476
0.7015217519960684,0.995630226627674,0.6834163943782322
0.1474369847100636,0.9754551169413916,0.10591191082781012
0.3534372683123819,0.9863021760870512,0.3535705166985431
0.20136559444063917,0.9884105551190314,0.15863983582228627
0.7061100332800062,0.9973521749354559,0.519448269554305
0.8614316654792584,0.7428828803218506,0.441975845724637
0.3657303639152186,0.9963795050438986,0.3756287340979573
0.6929130246143702,0.5708151026549031,0.6905050815551556
0.7644734620661185,0.4336909638757127,0.27534649080638374
0.17991456415781729,0.16666980857747626,0.16237827388346407
0.4861226069432433,0.9975374598661741,0.19019592896564938
0.7982074642916479,0.9648882419442348,0.731885973557459
0.30180853961071485,0.99777511224058,0.4181392026180971
0.20554623650040596,0.9877166231512045,0.1918758061587045
0.646863991853114,0.35935070362145605,0.24009280115170303
0.8954767084267804,0.9967711224133631,0.6370823394029704
0.21825942225962644,0.9921800919802453,0.4742417498062924
0.7650443435470891,0.45677222068686896,0.586219837685121
0.9299813023774108,0.5789272924328801,0.5251103748620143
0.3805269937959286,0.9940294055551868,0.5151633173716381
0.14136543627330464,0.9728485342973527,0.10678681791831499
0.02717385691011833,0.8980139756076719,0.0838333756915392
0.3726662355129656,0.9871254347559841,0.7239940073213396
0.3760568855085985,0.5341231697272517,0.3008846118807348
0.24196915974480648,0.9956072148166115,0.1452219307313717
0.9842357992675663,0.906141270678192,0.5873285944772264
0.5042459057610776,0.9956297604893816,0.4886534886194611
0.4380338152474369,0.9945758100243423,0.11126542641362228
0.13668322770661018,0.9703739329946062,0.2001213795614087
0.6739209335791614,0.8124293851261746,0.38285821232832085
0.16886942268933758,0.3167980209865473,0.1121671094618466
0.7120940395749737,0.9977432910838171,0.4566015067562793
0.4827566835213488,0.5558644609689025,0.10733095773670298
0.5306641708122529,0.9972789909481803,0.4776818807538692
0.4813718848296503,0.994154345155638,0.4826168684449519
0.3228501465626601,0.9884515431966807,0.3658380650601464
0.702947520046231,0.6820331266191733,0.5466633605117365
0.4318275548628294,0.995267789878749,0.4051141923516687
0.359080773306293,0.9902034455002242,0.35096274642055847
0.21863573647695017,0.9884551015503387,0.14053425968341643
0.719406830239259,0.7783219907753367,0.4183947075289942
0.1281578711212696,0.9754724342240906,0.07734818569682056
0.46906958628227857,0.9913560333450999,0.31492790466652154
0.39767395781107145,0.9966911351833632,0.46867423672406616
0.19824115680818757,0.999095013248539,0.09271626545241377
0.4665269237281307,0.9938260662437546,0.30000653057634263
0.6001411485077653,0.9935026156275619,0.6234032766886056
0.5359679660700613,0.9935789985736496,0.4488571967950621
0.2830804971954625,0.9878749637396858,0.23176320076110404
0.23187453667541635,0.9899103123299271,0.135129570496465
0.4715772893804875,0.9981156749841855,0.2557562066214488
0.6176604207529622,0.8388559991919029,0.14496978824847842
0.1014836360978908,0.057057092513545404,0.052002173441512284
0.9785510952145091,0.9976285181880618,0.37368066202495465
0.6252512464121258,0.9953700780553223,0.6657424136388591
0.33132995953006433,0.9864897354831978,0.42069939730405337
0.2849276191520328,0.38848727550895457,0.23137245903369255
0.3654892846156769,0.9965819265926321,0.35848481237956553
0.45039290975906526,0.8613403084529268,0.22453699137151842
0.5119371157589365,0.8919306479951545,0.36031525661829955
0.17230443596518913,0.9935033709373353,0.27840512764405245
0.17343735738644264,0.8150779901822058,0.21515615341026764
0.48826761585693945,0.8284813651650837,0.17350964372191832
0.9479812448575775,0.9731601734515001,0.5545719700011038
0.17497929869420795,0.9950537445059762,0.22233706606666578
0.19247460859348878,0.9860046785183039,0.32650635988950016
0.652848708216938,0.9977125252526087,0.16095107313962217
0.38938547049365296,0.15737793639657216,0.19992230999473085
0.7544909679076062,0.6889995125838635,0.5485507089676556
0.6711442509476578,0.9962330384694693,0.9158139930481971
0.36835122039058693,0.9979108130923915,0.11920121426688476
0.09709552420453346,0.969632806690025,0.05990827945996305
0.2943688960685484,0.9980185773959469,0.2148777660758512
0.7673120341382673,0.9966842133287057,0.671389302787713
0.16911736204886296,0.9974732763697445,0.2075358386620557
0.3078089804190685,0.9910395529400307,0.5185263232771213
0.118362489912855,0.9922397210458851,0.03695328546656598
0.2991653465464026,0.9940396192834358,0.41775730485091755
0.8762196406519301,0.8796708805594216,0.39548140309393975
0.24819836286924013,0.9872689960724157,0.3512029810127588
0.2679815121874517,0.988613749604135,0.22357804943480505
0.9551363072180425,0.9393347661630578,0.513303218189435
0.5990352509123943,0.9977686513882629,0.23335071545375216
0.3004304093801268,0.9860884548069409,0.34066158659554213
0.5521487257970712,0.3280244334972353,0.27204279751718474
0.42366975587667,0.21794680038874792,0.11428590298798325
0.10531098723887633,0.980766422649699,0.15091327367755367
0.49218086627637514,0.9937086897837937,0.16517655294441422
0.4426256382904764,0.9939769662437319,0.3861221764260294
0.15594063370616296,0.9860571095208275,0.003811780334478432
0.2004992324469091,0.995336929896897,0.1435980948913349
0.05246594926865712,0.9885824226056907,0.027120392336889135
0.17046226133250253,0.18824916156955807,0.15613124361895372
0.5480025182482469,0.9967656522502863,0.207314627515949
0.2602233327126206,0.9909875668832304,0.04705683616821141
0.188794993368165,0.987785049234218,0.27363044357094
0.5423549051058447,0.5068872853713715,0.20654199079814275
0.4504146016818266,0.9979653886204265,0.30243895659962483
0.6222403245348833,0.4895403934217739,0.2716366671717303
0.2202324254353701,0.9957634400866888,0.39334310629823455
0.7485409359824216,0.997665189834734,0.4244340521993978
0.5887858644052656,0.9953184504092991,0.49546512592030456
0.47218733298553284,0.9931337520624843,0.3315023780575008
0.14456384541886405,0.995664462533911,0.1394732248934055
0.47749563994102073,0.9956513872482848,0.37878433459362415
0.5735193145227073,0.9945084225449861,0.6151167050218943
0.3323672382334076,0.9909541666077899,0.3296048971761174
0.23181026108562913,0.998211221651699,0.26114057615173125
0.08968183102817101,0.9945704022858453,0.16550674112995953
0.20014376150997704,0.9883542196450301,0.08554366246249417
0.5304285596776351,0.87352616411035,0.20450595179387845
0.41563057784996627,0.9913871473895093,0.3782601724348197
0.31995053250740174,0.997444886436021,0.30667880973944317
0.8801695397659441,0.9976049739848885,0.45456008279519167
0.3340847140889932,0.990293486569706,0.26934186511564095
0.020398010736305892,0.9867844940038404,0.03958682691437371
0.24083905755791912,0.9952990648309361,0.3149868405853612
0.6182092706902452,0.2222914037000392,0.11900953300592237
0.49707245860884763,0.9936572422342287,0.2634730407293484
0.12133124170027637,0.9745650496761791,0.07390335175344687
0.48891350942287126,0.9909076027899484,0.5271296933844262
0.929459930635251,0.983166671152327,0.30433139491047956
0.19536083333768495,0.984880259541854,0.29348421145377146
0.43383726389074423,0.9932300936315255,0.2941246243438743
0.5653933039923675,0.9969700991641217,0.3438118712290169
0.4426672942838786,0.9957427292991896,0.4261575991710499
0.9045110127713663,0.776444617960182,0.452600868449999
0.6580526727829741,0.9967178970138553,0.32366069384994123
0.46773241630393775,0.33818269965157843,0.3377549161764267
0.5439819106858289,0.6385729764332433,0.2772881494360604
0.42556106502311003,0.993563083480056,0.3078600379635055
0.5879162646264386,0.9941935480176476,0.39368046317355376
0.19978091468988685,0.9922390132861392,0.17539631538480907
0.1396765109563941,0.9989391228123574,0.13108734386105925
0.6133818983004441,0.8277329913360598,0.35638105648158314
0.15795178916217628,0.9855615850177075,0.15227901534594707
0.31396395248347897,0.9923608774801684,0.08435471538818262
0.6449868737287432,0.9938540172183401,0.5281971234773142
0.0062463003303659115,0.9471491089401776,0.0075695363482622124
0.7522517370905377,0.8319822506160863,0.10101283188066099
0.28173670600143674,0.9910142805507702,0.43225239097082924
0.2522559686503105,0.9898910889120349,0.22321051623295615
0.8376055403163957,0.772916172660526,0.5527163170903532
0.31917517549621777,0.9919131546022333,0.08911573262066422
0.314816913501555,0.9899154413848714,0.1474865112738314
0.7599006320837901,0.9969668028316241,0.6470697716252145
0.3558982985925014,0.8659909127479926,0.2562835927768008
0.4277480346762094,0.9970126875658478,0.3444822799234182
0.46266284366883687,0.997611715242382,0.3940962103515686
0.29864627574830244,0.9914014634989139,0.349280493633617
0.7455925910908534,0.9976725812391327,0.4524479117415259
0.3617203718366692,0.9942341895543609,0.34017260868799015
0.7731752310928648,0.6488533106038388,0.28973291869025397
0.7359077458422078,0.9970323025018832,0.5531485516728838
0.5146745830067003,0.9959393697649122,0.1764769070241151
0.5440319880896043,0.994378104818247,0.2636445780860731
0.54899444750639,0.8762742542617616,0.25889939546874996
0.7936826117162898,0.3145539763693981,0.523672649046164
0.08474896275422822,0.9870089071157209,0.1398468841522691
0.4654511127744764,0.780084946906787,0.2954523582901396
0.379046730723238,0.9903355792319026,0.3732242277345543
0.3224273008505137,0.989414775422975,0.7419979530528065
0.13419242958115488,0.9866609985684323,0.16600639642288653
0.6011775720128579,0.7091034380544243,0.5094204833422362
0.2468368118287903,0.9889637166715868,0.2856645826590728
0.28872686638015593,0.9956345724229785,0.2244376824425576
0.6462265681657805,0.9956265028087994,0.36664848397460337
0.1804558309712481,0.9960856945486649,0.2237415202962312
0.37918696106169547,0.9915721370346542,0.09687360735829223
0.2016853617267116,0.994079641314962,0.3546292284999145
0.37381563211471897,0.9084041795084115,0.32914069104960797
0.4564396732532389,0.9952769685091447,0.28981398377929357
0.5345215311877028,0.16211943968965814,0.12526507717966293
0.6978221416401164,0.7258960323107562,0.4803254094829601
0.14790229685833903,0.9851291813195677,0.23718321351714408
0.5418770248857745,0.8556914093084476,0.3692010079330823
0.626027865189508,0.9969011534778656,0.21681091198793676
0.16370870202163518,0.998220484008187,0.1589902660779002
0.9167212649872677,0.932883316859132,0.4491296232447629
0.660851428318723,0.5690515317478619,0.32044288770986995
0.5818682818249061,0.8283467666050994,0.1922317127795716
0.29849288835562,0.9918456798195716,0.2991699993660014
0.23471806245485077,0.9843456570618947,0.32952696077436394
0.5828884031856655,0.9956303123254797,0.2919451079814589
0.5529324077166945,0.8186921441362063,0.5215784244597703
0.19765877910804905,0.9877461854313487,0.2646796167937284
0.3130456539745438,0.9957388705750356,0.029965512152784424
0.8909156951144043,0.8026380916470799,0.47444927531737824
0.48641392859173327,0.9972939395835503,0.23663245792917395
0.5093175480107044,0.3621492493488161,0.22772035144471528
0.48344595845949134,0.3563046478421372,0.1356682971097381
0.3017247036231023,0.9953007261018676,0.1938447944361971
0.31899612446307957,0.9025604487082857,0.1052550954286568
0.2220455774126079,0.987104463513244,0.06023579309659549
0.3234187485545229,0.9907007186562893,0.45160562607712973
0.8536679852716871,0.8615299398842835,0.9038979852378313
0.37745847460892706,0.9976171366284079,0.13972492810202322
0.49153340956697944,0.9973195972873248,0.2850886625006338
0.5659826558990187,0.9964629762126267,0.37486911014223445
0.7504285687654314,0.5871075839492994,0.37979153732715554
0.7160255733794957,0.969222250347267,0.48328921846963546
0.3928388647285889,0.9915554579345167,0.5042779616733503
0.756797924405043,0.9977072680113992,0.5270745389148499
0.42335715518822215,0.37329381287033914,0.24732857303703001
0.5450974322707514,0.9937274029063501,0.5807116770049104
0.13944667751095063,0.971409162002767,0.18391762213896032
0.29153201737964485,0.9986291036991941,0.20816602962424183
0.6088957702089087,0.8956481328678325,0.765584033186066
0.25793965666076285,0.9975779860249585,0.25904135999333344
0.515431883410237,0.8025903834851917,0.20899434816616333
0.3926821499508916,0.7822964382149411,0.0873945613097469
0.2013334699598394,0.37085097383726073,0.05785675380038699
0.36880779599869323,0.9982605803452402,0.15093722937282023
0.4954252897967657,0.9972618159964723,0.23116585965110334
0.3845947181079053,0.9885589746868335,0.33897286890666
0.060817691142297,0.9597376257792811,0.03454220979998762
0.3657506177103883,0.9934835834783564,0.2134445812522933
0.2925106825932578,0.9915602399833456,0.18470851790498802
0.3791073431978696,0.9893650226291075,0.1008561475747049
0.30327391483679106,0.9962730454931517,0.20459186690292988
0.4385636222691539,0.9971536219343224,0.14371258895126401
0.046724299980240316,0.9589863938721839,0.050123640527715674
0.7941280002698704,0.9976622530575046,0.5075344833662649
0.2157446582343073,0.9972996801259619,0.1289457647045566
0.29081670222926903,0.997886728768447,0.34299466224687836
0.5906992002617901,0.9942881512263388,0.32008446094191945
0.2949759654271096,0.9882577618520851,0.20293526778969082
0.3271508356722552,0.9932495342092735,0.2637059169161715
0.4015672406834767,0.9935625764894056,0.2559671968162467
0.10834864256263699,0.9995612125157194,0.1292564826482649
0.8371100868266846,0.39276616071489223,0.348276070016156
0.32823514118357844,0.995108299666603,0.21926562280966497
0.1072000805128285,0.9720934687744263,0.15726559968455495
0.22149584646637532,0.8411945767461664,0.0242499301989908
0.7635751385207934,0.9976672358145817,0.3240221765552156
0.17333538495611953,0.9805468596204789,0.17451248969117153
0.3749351405987665,0.9523893419745797,0.2915944705946186
0.26700486148664127,0.9791518603213965,0.2636017692201553
0.18821906897084378,0.9709868029816084,0.11337646040690269
0.6609143909489229,0.8683360087425409,0.3142710186295393
0.417837678918523,0.9967882506116441,0.19101624826061434
0.6278080168455745,0.9978842195318627,0.4383773349665896
0.5012752308311931,0.48264113705642964,0.4121982226655585
0.2298564136103612,0.9845760078313079,0.1820496998170559
0.13886551042448125,0.9927098050370093,0.2659609037254478
0.1250444353683172,0.7226974765436338,0.0788724045780688
0.5381219875659314,0.995691077969872,0.45187831909071496
0.19520160384214258,0.9989109429169736,0.15077354437169738
0.6742349290577099,0.9958148175389401,0.3312633818906249
0.39502061579596104,0.3977917244383,0.13888500412361782
0.1349360941626487,0.9875506324861021,0.12453849535978545
0.17921127043738888,0.9799254743812764,0.4987724030957498
0.2609525410297181,0.9891754345762902,0.1462792343610196
0.5269920992336864,0.5779509959680891,0.35024877155455836
0.4626331701805264,0.9956044014642982,0.2252928246473068
0.5428956488763742,0.9959899061856448,0.26635329458046375
0.8504951009505344,0.8555875930082919,0.5290326756212499
0.0933010203956617,0.9991868304539484,0.09646680808241134
0.4578280518328276,0.9963685799928832,0.4116090732923612
0.6916181333604702,0.9961029934402152,0.3719695404573208
0.1191891435574198,0.975091751939624,0.17499651789382872
0.9346094246158876,0.7081162243157657,0.39928818673085276
0.5226693214810461,0.994655207325098,0.27536783198703196
0.09070356317928588,0.9764882921876235,0.00884965118369263
0.8296657369530841,0.8448959912823335,0.48697110185016634
0.7607428476635427,0.5104555284055527,0.7114787564627807
0.10819485804722306,0.9827077062876153,0.0003358301102194261
0.12713512086989215,0.9967187310459733,0.15845811733802712
0.20190693790985859,0.9834835928216317,0.3591330813501393
0.25116771610121547,0.9854493115888008,0.3574714235402837
0.1504436137820404,0.9655100540201442,0.14367551181659724
0.5274117053222759,0.9966410231812428,0.35276491519422637
0.6488102536475866,0.9974582510838583,0.2090942235267805
0.5564499804516977,0.9932679235863471,0.5395798433407999
0.32979435407024543,0.985231758990256,0.343067276250021
0.7382824452373175,0.9356316413566954,0.966152838664121
0.5920775279329428,0.997337560718975,0.3026740430349836
0.6475472405123399,0.9965834263756286,0.46694702077478545
0.8435610449559321,0.5435089559778008,0.28071704357430094
0.17904603883510656,0.9799985902603228,0.036953919396217894
0.8770842930831596,0.7842451248973481,0.5715480631454383
0.5801718452049078,0.9947649459208618,0.4551156938703884
0.626938472291849,0.8079707117038895,0.20845526535561495
0.7574032206592052,0.9978171907517528,0.7616602885804334
0.304259615836804,0.9890916267546237,0.3988662901279363
0.5493998522937231,0.9966269336739917,0.23394881050469232
0.37938038523073164,0.9914576622227316,0.38862174337990785
0.19925864319615177,0.5923914079335091,0.1307982346219707
0.2736201433869479,0.9889062731811176,0.1668699773792214
0.3126852388029801,0.9856934400339943,0.2804332998768988
0.43918659462116477,0.9957987988744439,0.3310096602515169
0.2145734725893483,0.9835830771602507,0.2774666875701951
0.544966255768114,0.8348462912400707,0.1884100288734015
0.9212912126810078,0.8703551375023062,0.32234105129567203
0.2578869778591752,0.9830065078433565,0.46333526308735684
0.6914789818640911,0.565526077981686,0.6443545488561765
0.14649113067183453,0.9943571919743592,0.14513278952623404
0.28165367728683405,0.998849563975144,0.31498602118125496
0.2175532321250862,0.9965200450836182,0.1798166588629692
0.408764613340381,0.9919921020640576,0.1319784986571261
0.5574081415195764,0.44589713526855834,0.20282123049561132
0.8045623515395431,0.2208907014237833,0.20822870580315636
0.5810692086307474,0.9927923875768385,0.8444945722633049
0.5324536346832314,0.9971171502040279,0.31775637047017413
0.13546797700861613,0.9969502434056137,0.13023841879498227
0.2317677050302287,0.9849251551137648,0.14530062796441834
0.34026723475174225,0.9945524798797585,0.17326548449336368
0.2524680773690272,0.9776200552187466,0.30109268266370837
0.2931052582967914,0.9871899647698108,0.16391432634251055
0.8012321226280756,0.5518081252759985,0.46197974965658206
0.21711421059056052,0.5169459806092089,0.3302830373598027
0.5615608581054967,0.9957031960675111,0.49776211823475125
0.3118605073946243,0.9913323025787102,0.27644557031309225
0.5927460932370806,0.9969623353763974,0.34387338781875765
0.2069786233097568,0.9931653429441714,0.13451746295654415
0.5192841353425324,0.8895796415496513,0.33416615418950635
0.5984621089875484,0.2927905255151597,0.2226502216628141
0.08243995507994696,0.9984297585567543,0.09737536444816275
0.5188114430156983,0.9977623674906579,0.05335631901638188
0.9449315910829218,0.6582552497012693,0.5983403082893033
0.057196711278444806,0.9783664045523242,0.11800500833506503
0.2708438255597871,0.9883888527492368,0.11531965968744357
0.10562373488724189,0.9812561851487132,0.05442307891670886
0.3769160512071566,0.9965142902262698,0.1447544566349642
0.5149320207523836,0.9938118705888186,0.5375542975342122
0.4300993212446399,0.9968628230363799,0.3787981814043341
0.4489431952060892,0.995733544270428,0.2665088655050719
0.32973907262951485,0.8410731846670625,0.14478265746838848
0.2640906394139347,0.9875578499813156,0.2925060402622326
0.7201369201613689,0.5791709073493203,0.4356772241434327
0.8875094346465091,0.7360364596198716,0.49297572670452805
0.9655856362933343,0.7987632529060964,0.6816558989801789
0.8115040123254239,0.7370134918119688,0.40848427985066793
0.05177690015616414,0.9950541745742212,0.11823358445941928
0.38455183066458404,0.5722274535529575,0.1731274461136754
0.43635312333218573,0.9972348398856752,0.10173114364850663
0.23297052071625363,0.9969193664314677,0.2083492739578384
0.2830401987901195,0.9851070357896516,0.2550590582024913
0.19550651962840832,0.6256562391840033,0.08686800553719293
0.26605445340461054,0.9948915148432487,0.2306868213035568
0.4441531233823194,0.9901353928836094,0.7182921211525959
0.4910384087230468,0.953331735161518,0.5515240452431108
0.6521709899708598,0.348114189384771,0.2706982572017178
0.7278291621342357,0.6641063789564152,0.2989576593876587
0.31555943128181946,0.9900601505648121,0.08020272862588868
0.43931679460835865,0.7259880155170231,0.3231718149003697
0.43831997614930013,0.9941840640582076,0.24364197151626424
0.426228242800399,0.9966166021219254,0.36670667210731767
0.1500713588228476,0.9627975564065412,0.160641398534808
0.31642660127387645,0.996156509490078,0.1239909514932547
0.8293537615021396,0.3754634252458373,0.3475929212023775
0.14103615438231148,0.9842135960463267,0.09658157212838214
0.20963958588731882,0.9858625462489303,0.08713654475677476
0.5955236515825952,0.9970133913161867,0.2844409685830567
0.5236185006915537,0.9962724154094544,0.28897572297232743
0.5209841928791771,0.9953745775379421,0.2709655108109523
0.6048665463944908,0.8950899351050354,0.29904932888645863
0.18208841762372296,0.9850886781315913,0.1101973610353493
0.3432681645635739,0.997034185180915,0.3648308328772202
0.34315708285224394,0.9940492290834528,0.19162506023573503
0.11363172509816638,0.9602690011270247,0.17634976372458808
0.5798999601452526,0.9974032142746203,0.2989945872235056
0.8703532997502623,0.8874349113055764,0.41030464665445354
0.2655617140931695,0.9825815639626099,0.3982712083650861
0.3505582767049785,0.989576120024162,0.2557817378483471
0.4027660738264727,0.9920559637025976,0.44654173919663753
0.37177849883618813,0.5718033381511314,0.2151221271355804
0.09393570275415228,0.9820794540363804,0.29564779773053507
0.7047372055165301,0.7072181244302593,0.5187600123438652
0.29901134743399915,0.2219224595956104,0.0638683247702925
0.1677518466089996,0.9989871352146655,0.2098661747415204
0.2197613969801431,0.9894041647447336,0.040670648918563784
0.37786242089644617,0.9980391897521803,0.13522733540383763
0.5455272985951931,0.9933102045447704,0.23859828601163072
0.4428939418269629,0.9967691785953068,0.2705308899683265
0.2501709530384977,0.9831581356047117,0.12426878415206064
0.0896013781555544,0.9756309032387802,0.4282857803434058
0.4735462543341251,0.2727391688653331,0.1764355236049349
0.40717075107443684,0.9975844574822117,0.1573708815309289
0.5827626243059566,0.648940418763601,0.32517825623703156
0.3230882223051706,0.9933003270842484,0.36801518107913245
0.4363960277531237,0.15608767433963222,0.20296435162789814
0.08270791169826058,0.9547380953276317,0.09761580956468258
0.12869295421870547,0.9924037918599453,0.3104059434440568
0.46575825822958866,0.8559600206551654,0.3242465041396816
0.6511584034736129,0.9950836118920778,0.3019176552695103
0.33337388206197227,0.9898062258718936,0.36561671531113327
0.431758827136208,0.9888287054613822,0.3641031299120643
0.7028052224087231,0.9978699006963476,0.6501582473646751
0.6300138834074281,0.539561092596456,0.33303192765199974
0.9456136058167415,0.9561529910320312,0.627953538962512
0.29420278781018205,0.9964430649926508,0.07349486118336965
0.6040293172815949,0.9969430387606033,0.315088669208458
0.7619566447086512,0.6247485984467225,0.41462538939922466
0.1615535215499399,0.985008131050068,0.10989479067877725
0.41225236817087174,0.9949605820070191,0.07683662539446365
0.6635644134381283,0.9952755534330866,0.18081764080498716
0.27030168776740426,0.8695714967399784,0.20841514280337617
0.5039281374168121,0.5202611911339596,0.39252615175572036
0.23405924607316964,0.9929848314134435,0.3751810927081368
0.23489207404663603,0.9960589471278045,0.31145896588893973
0.17307655910446446,0.8411018764415028,0.03965435648245383
0.5019278416953075,0.4385377593992159,0.2677274371075775
0.2848668945090174,0.993232382478183,0.4403989344500152
0.769619530557074,0.6992946739535604,0.4450508094666885
0.6198937591847516,0.8972015017978461,0.12269157581876064
0.3024903563553269,0.8125435306580162,0.16190564405676647
0.17480332066107823,0.9820440765291505,0.08128781680102953
0.38276389932582217,0.9897877894740652,0.29477000191754177
0.38024849381711456,0.9866296616839401,0.5077590910132578
0.5610718860551825,0.2634494824807343,0.5070563452141231
0.5372308133861934,0.9948243084277626,0.3574540171524142
0.24281641825646177,0.9899145811959416,0.44098118085474314
0.6419801159563127,0.221079374862597,0.1786620826929695
0.9181267948290371,0.25966759946022466,0.349000297016116
0.16069309551152308,0.9955251464594681,0.18695020286271077
0.9451369235594174,0.9974291260033665,0.7559849174853316
0.6606035639715008,0.9967566420204894,0.5955938604710996
0.42858700434056374,0.4507085087319991,0.48064841529572366
0.13740432377959005,0.9766662465078546,0.1796289134112443
0.9091159790855833,0.3435718149440048,0.43760208616839036
0.13352767298374413,0.5490828180603435,0.113525322135067
0.77356309839237,0.9972596479320666,0.3048183521768191
0.5957367403341358,0.9934950070109594,0.5922108410173821
0.44851852309712137,0.9937467321167535,0.2122056206392043
0.3461926600567611,0.9904558962021632,0.5169311187156589
0.4799783286171343,0.9931876780766109,0.5951771784910224
0.11708579167125649,1.0000000000000002,0.06510885015202378
0.13079503923840763,0.9892683751885059,0.11465091186704257
0.5048475651881024,0.997452153733364,0.14974333342849688
0.13907844087995141,0.9633516626877479,0.1758880152961599
0.01594545230314825,0.9877547383671101,0.021265912138568904
0.2283228842195167,0.8508125608930153,0.11721595226458942
0.1753780127024738,0.9846921596682241,0.1440161158823589
0.12447097486748895,0.9943915774321501,0.19693848082142515
0.04826539569558934,0.9408189359482415,0.05575807034875033
0.5933900242375324,0.993749742388961,0.6324885187196392
0.18754874020315035,0.9860031378484828,0.13858046656722398
0.38338752545946986,0.3025753129521369,0.26529791311987216
0.11769672813203066,0.8805809745136297,0.05731280993696372
0.6495365286696022,0.33478025475437634,0.3570243026887606
0.13295545340058978,0.9903833041595462,0.1620899502242715
0.3164922645418967,0.9868884674042222,0.4762805723263325
0.4721847305004826,0.9958809006041716,0.6085091455632361
0.2827155543384179,0.9829156330811835,0.32166305876687107
0.2377756226337865,0.994362726174326,0.2547421858404849
0.5864817731619336,0.8591236308038173,0.3119209841070797
0.028142012136366044,0.9807975987142428,0.004815581422675602
0.3223597641013326,0.9977952006018775,0.24537620137172986
0.2050902434237362,0.9890167553922049,0.28314075106966896
0.2844414473687126,0.9813281047127111,0.26680626095641713
0.17718018001751065,0.9945290667253197,0.24299137469299462
0.5015510463255982,0.996642586590738,0.27388027872878706
0.362841622317437,0.9883404799480486,0.47773791849596337
0.5524813000040409,0.9936526648690165,0.7537677459427377
0.5635458971478097,0.9942781875463356,0.5592413775702393
0.18262165857831958,0.9798698017788252,0.30896664667090235
0.517558688685735,0.994205639821004,0.6005814355325473
0.3389269069444483,0.4632743452587882,0.2811365167777746
0.2902227118321719,0.9916752551505323,0.41243701298089674
0.7605383721355422,0.9961117134915656,0.2853029572728757
0.5078470613645446,0.9978524314183479,0.1664558353574547
0.15966732044291276,0.8327983603496729,0.17421353219338456
0.3385990327915679,0.9883649210568539,0.24835016493340908
0.41270048300874673,0.9952171813846682,0.5317328299468318
0.16403798429380456,0.9657965618649176,0.2903685414991607
0.8381846982002675,0.5956597632634784,0.373611228080572
0.30946709323692956,0.9873141248503858,0.2609273717910968
0.32847838766246273,0.9887935964461023,0.24714293884787084
0.8251980300121879,0.5746036438980073,0.4922930622212902
0.16958680147562274,0.9924978819011636,0.15873141623620438
0.47698620243873235,0.954649630719228,0.18282920945106043
0.338682229451798,0.9973441188066816,0.2333662108223358
0.6423030022150681,0.8233316452537178,0.5588971924329299
0.5911061204737044,0.9954786590835105,0.5761330286758687
0.5650806973057447,0.5782493923950447,0.4532898975124443
1.0,0.9976178993842642,0.5848917461226205
0.4136600016929656,0.5933756145483791,0.18016246959410978
0.40524633205376454,0.9928215472127684,0.17577530265710192
0.2825628654590395,0.9982033959874983,0.20052028849346762
0.4633240378914497,0.9968144179105389,0.1954039685851335
0.5549797326378478,0.99626341099708,0.36991435085632884
0.11328772227529879,0.9997809668157565,0.05814439304728014
0.5851243023693751,0.9965981219342683,0.46061321059769333
0.22417010731809273,0.9909307660978663,0.32948442029304814
0.1862983692705176,0.9876144392654467,0.34661255822924486
0.27311940619345687,0.5691240940599045,0.3541503109588735
0.4008999237743269,0.9952647703905841,0.3439140437865654
0.41641248380926954,0.9970570363576059,0.2628133586519523
0.7750385984995765,0.5677847584404747,0.35383098757608256
0.14949053212625785,0.9941616614181481,0.05755559545161906
0.3485214001042431,0.9949940873452163,0.7514586698069383
0.3611927010932275,0.9944645311151106,0.09531511938090692
0.3677658822572425,0.9936423762162587,0.5063493992480216
0.4193132626392439,0.997722317790305,0.15029014454667172
0.2717242805660267,0.9913914726538098,0.30364948765119615
0.7482200802729444,0.9954426564602901,0.40488516894505466
0.2464206798922145,0.4885038392735972,0.13159462714609146
0.7881746783626962,0.9959780342757354,0.7550166602916587
0.32241451884442074,0.9867837202666385,0.27398275246317016
0.22975783145520956,0.5051027790722491,0.12913125597303735
0.35478349729661374,0.9963598352953837,0.45874008002447875
0.31313916626638405,0.9981559912117464,0.22083841220976588
0.5454712156925922,0.9936593697354861,0.5841446932659616
0.5133194101223919,0.14606122652380593,0.15510049609748608
0.947510496543681,0.2933250236924494,0.28967414764386634
0.017765755274670496,0.9614145326369556,0.1001517033937083
0.5563348498338179,0.997123684971956,0.3693444295420717
0.635039422135885,0.5831554161236532,0.28957907300348085
0.51528180356497,0.839219507653717,0.14295423011578232
0.5680333609750673,0.9954349253557215,0.41673919289251826
0.3617076692055368,0.8977571676034029,0.08371018816802595
0.22832326570013584,0.992941941964556,0.23364178641670688
0.901944479653888,0.8136502351531674,0.7346440140202383
0.29342557679091674,0.9938585124189518,0.569513259402302
0.47116210112060264,0.9942974021956006,0.5596285401115665
0.2829392810486555,0.9921226344655116,0.015029125433847268
0.4167616954211914,0.2233937496342948,0.10396771329312574
0.23464816478749273,0.9899584826758863,0.20229719518042336
0.6022861760588613,0.4210558128526236,0.27530208622256347
0.42096641526820805,0.4771359558043937,0.15815714458867974
0.3362802012888459,0.9855251248425205,0.5010124239019331
0.5742671476461102,0.9417494335967314,0.10108476074865214
0.514018844808107,0.9957605007930377,0.3134054339802438
0.21582672269180755,0.9858728982362266,0.2248310187755674
0.5865889978633909,0.9978919182769219,0.421067014424522
0.13912572647355093,0.958281707521915,0.2860306574223359
0.4997925190284245,0.9943737307400176,0.7568470225484546
0.2770689672732446,0.998943828432808,0.3469778012316391
0.9792915475149226,0.37245070900315036,0.8000150962696064
0.7739538755099189,0.9976405421503889,0.36768376324814545
0.6365175505496311,0.48477445196194124,0.23183267847574998
0.3991463959623854,0.9963679672175665,0.15176765256703545
0.653856828669769,0.9968512040874022,0.4725903191574746
0.7387902121349291,0.5363930243480992,0.26428176814059123
0.7097938179367294,0.9966689893964162,0.686165214115949
0.5982944240515213,0.5714558461564241,0.19264166511867378
0.7823094774116285,0.6378048061857451,0.20122498959212196
0.2174901107559566,0.6789930154950745,0.11896591313377367
0.5740346942534376,0.8613631036873317,0.4148880811280904
0.6351435714368189,0.9971472990287296,0.3824713700565633
0.3022675859251285,0.8269902049122304,0.16479060012632504
0.5699383068152756,0.9970807065469527,0.1634648590329175
0.14428849831112037,0.9849881469159409,0.21394223273054794
0.33889297925837075,0.07970793254017683,0.13642968798558214
0.7789015947526158,0.9976638144153267,0.3937015971399985
0.622384536506227,0.4707041716212219,0.20581249849054903
0.20815315290895123,0.9958422071877078,0.259144968621408
0.5935089851658999,0.5285188260166767,0.275997073200546
0.19747818693193953,0.9893769979100491,0.09078976829182953
0.19572137717284957,0.993828040255899,0.062400895330184086
0.15244458262677155,0.9792260517089353,0.2166634752596995
0.696535978353529,0.4201855785327202,0.362272656648442
0.4642200326824546,0.9957827366890328,0.3709571965023494
0.7009981814857187,0.2845059481721768,0.22799876512121867
0.5409830987945247,0.992487995354667,0.37275667779651933
0.911067029683653,0.9975746678680661,0.5072067758540276
0.19769070113614676,0.9983180209959894,0.24097675898294432
0.13311082991563222,0.9937400486586376,0.03158865903976325
0.6020641192837684,0.9026954913089134,0.5211529374779246
0.4842644297614188,0.23833340297049266,0.10169590043884844
0.4450090759650926,0.9961990341888687,0.28930069459533203
0.5946319532220643,0.9948731876557446,0.374690703867409
0.1627787439977807,0.994880869621315,0.22648804319378293
0.695104983669141,0.9976426138149364,0.19094776380998066
0.22704532998377008,0.9830940712045042,0.27051205323507854
0.305134262925853,0.9948134813460701,0.6734149335979941
0.28370465391563227,0.9922219402127992,0.45608738474608845
0.5373814579373907,0.9978248627886022,0.3027508150924554
0.5658430218425781,0.16745101475600377,0.25666487878741495
0.6937485608574037,0.33451984687911973,0.6362753317138903
0.7485762947360061,0.9174942760506573,0.5847005308208488
0.4508547321022165,0.48463549891297775,0.11768372811094108
0.5085154359171332,0.5368301037729182,0.3065409298659161
0.1871395836419672,0.9758042606262862,0.31756510357562595
0.677186948260878,0.9529758436980085,0.4412178724968736
0.9449417121190647,0.9598925658170148,0.32553284541052885
0.3814322034792359,0.9885434803663335,0.6218433859861504
0.6846529828028586,0.9976415352442405,0.48644373812940556
0.5448418526400753,0.9548352936418107,0.3309460587556071
0.2100337206107159,0.9863599466217188,0.09470825754787751
0.4178966997365973,0.9941770602246744,0.10549592161651711
0.3988011270878194,0.9888035284080068,0.48609356913382185
0.7699271861131873,0.9970887114578855,0.40489134654075765
0.23698529599498586,0.9934701431460049,0.2209668452326097
0.436668823799718,0.34967477502575206,0.13228755435950876
0.5912954720738425,0.9945316040504226,0.5757642784682123
0.3593586455766415,0.9919694672386152,0.46242656483113775
0.4447379565670283,0.9955205306246053,0.46403445851815095
0.2632919727658945,0.9843562107289501,0.5037119741846868
0.569378042118929,0.6653078502940819,0.3848453325715413
0.3437989647453937,0.987072913952751,0.4090674391967618
0.4300742568160203,0.9980922453434766,0.17962848512918525
0.19615399652155008,0.9992393446906147,0.2896486252665924
0.5417651375077727,0.992904914644755,0.31423861499374717
0.634860878834661,0.46164084255817195,0.36815360580021905
0.7879448184627463,0.9964751902050997,0.42066453824498173
0.47683036690446867,0.382193584613826,0.3102552589856298
0.7541440073413693,0.9042110443157105,0.20220028105472257
0.2861708194220553,0.9922678601800159,0.2885686317424305
0.4145602228678853,0.9951757002205388,0.126460148270767
0.31987591806048504,0.9912238030660652,0.5202450659131443
0.1818322172249774,0.9693879379367958,0.2793156133628658
0.4845868498074861,0.3213654962615069,0.21031262107193407
0.8016018712974992,0.8355253118895061,0.29446091878745084
0.08301334144202877,0.9928666737208538,0.06413362537240244
0.36367083116807586,0.9898362060748112,0.30764387558649775
0.5093237057049353,0.5731319040790284,0.4655526071955177
0.06203922171586815,0.9818239170908869,0.06022209541601381
0.5980375303253148,0.5096050435975428,0.3878870565820294
0.28704794491847485,0.3805078528738408,0.10266550101006958
0.7123453473361364,0.9956788912122432,0.7025479971018774
0.678528232327603,0.4257659279674144,1.0
0.05007910833538751,0.9595772415185191,0.06419235298596385
0.2295318498340112,0.9847676286465827,0.14533541182513726
0.5335521392112386,0.996355851378486,0.3250585388501456
0.17687431653613297,0.9766967906526258,0.09286695233717243
0.4186193305142719,0.18778136514247046,0.47998549982440086
0.14164168259025292,0.9793128925769203,0.05137571362105012
0.12031128004919053,0.9981698569165187,0.14407617153594274
0.226033366504376,0.988945343433109,0.32038512325762103
0.7118790534758104,0.7879478174886774,0.4609150358936368
0.38506191296932396,0.9905072516786391,0.17473253635269745
0.34171950101924964,0.27631136173794935,0.10475714836191533
0.5101373228263116,0.9969227716036324,0.36900530507394114
0.44488146252789557,0.6305395487281082,0.20804268453199595
0.2638552307860229,0.2790615879962781,0.13651234875397525
0.5292816862334431,0.9980101187811641,0.2122891424245997
0.2800797823893092,0.4316193976522056,0.179408233861353
0.45893634522435384,0.9944343093980506,0.3213346320440168
0.7533699716590401,0.9739486959623089,0.3268280891682782
0.43965287772753053,0.9913759446803481,0.6387897167870498
0.39908088340772996,0.9956004552834503,0.3287770950153539
0.6276751230010053,0.9943344510664291,0.6552621048791482
0.47440050043197757,0.993309510883768,0.3227657964190971
0.22911499308390132,0.9956104832290362,0.06826345902925685
0.4171149229500928,0.7468138140007186,0.18946529254944242
0.24082193453770845,0.9865431221497147,0.08899476561220965
0.5337315136910241,0.7622543826553001,0.14952234414245724
0.41656065541252546,0.9937700706913717,0.3049558624576665
0.33210901647641256,0.9938658565990519,0.21647521894406938
0.6465220659591482,0.8197689348301342,0.26321876627512575
0.7404246502474323,0.7193475513944765,0.4361975226265403
0.5225908751142395,0.9944706540106709,0.5935211641873912
0.2592783904217131,0.5282651277639225,0.21138578968791086
0.2630287938035611,0.9942013474610769,0.18336272903484221
0.44600312316329055,0.9960232109909908,0.3845832843448661
0.42515829380573084,0.99592236054452,0.32839546015434085
0.47954547524139246,0.9965161635252537,0.38468510541573653
0.3762098588997421,0.9650821729528449,0.2535039777079283
0.5277313733767561,0.9952167414636179,0.19114468880015248
0.6764238894999074,0.8540178894909316,0.5402993145465372
0.26547147530946097,0.9969465480513986,0.2417719125135697
0.292967934289359,0.9986039727140306,0.13120526680898978
0.33197323274025875,0.98916954246117,0.44840784784180676
0.5202788714948317,0.9972496840237299,0.56959133590754
0.24332674918567088,0.979394532233836,0.1577921130477754
0.1970520916257466,0.9795791163803751,0.524356179226966
0.521831132969009,0.996296517241672,0.4952031213905348
0.22118151756944326,0.9885746107005902,0.3545261971477608
0.3837208749682351,0.994495240212905,0.36615583132802365
0.5323255056265863,0.9965010602272291,0.1991514479860008
0.5478802717134899,0.4600398539865058,0.0732744340931373
0.7989021199320875,0.9974258477907851,0.41131377235673305
0.27332871780915585,0.9902986887554228,0.23492262176471898
0.05488060684282199,0.9559527135559238,0.06514087021334561
0.4673998273258128,0.9962392101287552,0.27697989724593464
0.3926191409461784,0.9940469819256121,0.22725062370073992
0.15014501085025453,0.9995409667056816,0.11194233614049881
0.48018339870391913,0.9927056218165562,0.19795097368016992
0.2879544122940978,0.9961077603192565,0.33577798337352194
0.24916576307738852,0.990689946568913,0.16267131070317478
0.4810365702994832,0.9950118053228569,0.3538912689173004
0.5660562133742704,0.32467832953459497,0.15574059941357132
0.7299091003010931,0.7193210550955393,0.386766368449049
0.36490654700472236,0.8898900366880687,0.41229615332867176
0.0962039095922042,0.9716800842058781,0.09283463054532037
0.5707494784304786,0.7623405510018901,0.4168427057859154
0.2863746959077427,0.9985723726041347,0.17649038907267742
0.7524612748271875,0.9976401915915643,0.625862475984881
0.8944492321417733,0.3123686646718091,0.42636608465518633
0.2168682503172057,0.4054809845381999,0.12173812068010784
0.5151639064037065,0.21412354725550298,0.10038455470101088
0.21402922114245715,0.9929456952540676,0.08235933783030591
0.2271156635311256,0.9871914910489841,0.12004116451809024
0.07013943030832494,0.941205401924391,0.1440062136442482
0.2565070294227554,0.9894976201283814,0.319536245544215
0.3853933909936111,0.9971288626934174,0.21368545761511185
0.4617003697891908,0.3318748965806726,0.14385483983757186
0.2630860479290494,0.9811341865478049,0.25508095410524423
0.28439720485206293,0.39596648791246847,0.32269917995308806
0.39233866916247306,0.7098616517502736,0.056441848262930056
0.8414603610806147,0.7264530122980826,0.3187112732207882
0.948222291095175,0.46327188875387937,0.33133160676887885
0.455091867144951,0.9943025947595776,0.2908515510499887
0.5077844053711348,0.4778679675794202,0.28862346632803015
0.25780583694215786,0.9917775598267566,0.4305115213013818
0.49253047900231917,0.9963665476362611,0.40848049705451583
0.4408056038657711,0.7340261429922543,0.2468331599412267
0.6448989724353217,0.9979162661380625,0.5115592748091274
0.6463477180265356,0.5129195255026084,0.34608548310383336
0.8123379595173613,0.9977496355699211,0.6792961541729318
0.2505276132605417,0.9886841747878912,0.11764161662583683
0.3211282638682817,0.5100217330737655,0.24739654696842608
0.07675200391558133,0.9936610787002056,0.054728953242661804
0.3481709324842574,0.9933741177846589,0.15471058784852593
0.3560199823979425,0.9918503013363875,0.09357506507469313
0.4009676632876632,0.9875372871071304,0.5524949559391776
0.44895395743953614,0.9903853743433764,0.36525676784437155
0.09149276615386948,0.9740751627292028,0.016540761233671736
0.08387839575189095,0.9814669262426527,0.13869925887173556
0.10494320011334551,0.9814500735514675,0.5096045660937474
0.41374719795931025,0.9930506504997749,0.5060559491098784
0.16172052652719046,0.331171240396096,0.1783544722587904
0.2924863255498244,0.9976198824086524,0.07803287070704965
0.3992058186060272,0.9897095059330783,0.5335215962112372
0.7266222757765526,0.997723939471687,0.4582889540156313
0.5314851876941356,0.9963233270701835,0.30397078817956236
0.6007477431494262,0.9971773944262152,0.34411740270189317
0.5905194064135744,0.9974340866517803,0.3092655182642148
0.2240409671057152,0.9913149832301291,0.13151438077030422
0.1983970713753255,0.9955523658283296,0.17666205046573621
0.46708853570850334,0.9783337219152977,0.08944722130464544
0.6707453742057187,0.9474182289383537,0.20273643493284707
0.33574333558325664,0.9939565663111878,0.35550392889385285
0.12398851309184225,0.9826771194927801,0.13915450723238354
0.5530601572671694,0.8592412833861591,0.18088097113004578
0.27503834701755236,0.9898904366222931,0.38346782314910555
0.5170944816309931,0.9963069202858399,0.41048141014921236
0.6604813748923252,0.9941391088891127,0.4955821524651205
0.30250340108756313,0.9946415842071252,0.3246335240385213
0.7297682969587015,0.9969174410724067,0.5285551306387348
0.4509481783293763,0.9956846516125675,0.20187634515396527
0.5658292637731376,0.4522863224090987,0.4347397115844457
0.3277633686934671,0.5167189940921515,0.3282239768601708
0.4335704395591412,0.9909391453264924,0.4971366396271819
0.45942598449853816,0.9000912880435068,0.30211643800889365
0.30184220386155397,0.9889293737432789,0.27984113791540255
0.038553707215504676,0.9595844519345331,0.1494622634252148
0.28631701671033294,0.6135017792007,0.17047823411675353
0.07870273340563029,0.9785129035226066,0.03272698995762324
0.24359251873363214,0.976866894845126,0.51382216856083
0.4595617325098826,0.9942787031018054,0.3897172660606806
0.23049904288551604,0.2188950684168567,0.1900288825534567
0.24205307285996436,0.42311518460262776,0.1243115738925529
0.5123338465225958,0.9922856105879021,0.3835815647698304
0.28394614194206047,0.9867458315989259,0.2879147958749976
0.9499352477802336,0.8425846689678285,0.37398515424536327
0.9565546819025615,0.5223518767945834,0.817222538397915
0.2717235915569785,0.3818903914810978,0.10372814784155776
0.409017820402297,0.9932158704392353,0.4153151223556033
0.29152512868230296,0.989308002275789,0.1766572617823214
0.4187904865084323,0.7095389304057738,0.3251933521001886
0.28197762717838737,0.37487969414763467,0.11757250363340524
0.1225589767029884,0.9783715898331102,0.016803924725489514
0.35522032613993604,0.9915350074900398,0.16595153176119012
0.46675437646648643,0.2557507829298602,0.3733043755305149
0.2820109902906336,0.9899367960710574,0.16298394840846367
0.1617803877878572,0.9888556195649196,0.1759780533744252
0.5016167550450146,0.523135284697936,0.4133542233754396
0.29100578145955747,0.02941021074600081,0.1455859448848442
0.355774350221668,0.9985527959202993,0.3359545501237804
0.14978409519987373,0.5319609860682608,0.11743972193030125
0.9488122916212013,0.709522114590676,0.5363666040474341
0.23962081487839304,0.9944959639047253,0.150613377968359
0.3840042433372205,0.9941421687310761,0.29136499772211333
0.4999939151725239,0.9971357172076709,0.24996032550647093
0.9126107553961388,0.6048494136025775,0.3616983648113714
0.8698003642601019,0.9976061906555465,0.6843371804646468
0.22875182234130398,0.9215981209686335,0.360664228342122
0.4128945577781666,0.48343996927161004,0.10128188331589258
0.335329224765518,0.9868142853581461,0.320442882218685
0.5588281605134157,0.8463501046313449,0.1817817333930654
0.2361517789048173,0.9883291475494917,0.19837336751548915
0.278746620025802,0.9917297407020464,0.2728485389036731
0.881721390777265,0.9969915951123516,0.8713897069121987
0.18205731951281542,0.9916246365490295,0.12821910432291733
0.745868672144433,0.6933904121679759,0.16587352873690828
0.7849390009535774,0.99585927007329,0.29623098461965347
0.5393921752274571,0.28532163832831015,0.4858587448984948
0.406946994196488,0.9983148058344884,0.16751443626988846
0.16445818033248816,0.9803319489177882,0.11739248871995933
0.6059792503781705,0.9980209571325751,0.3530985997452256
0.44018994885858126,0.9929299372773623,0.21188742962996507
0.1868650512260958,0.9976819386667006,0.1323214400352577
0.29260213437139093,0.2958481786674272,0.34138207669306064
0.5015882615050449,0.7751317470089363,0.19807148158910112
0.9422712642427639,0.807245193234871,0.5079920209742674
0.3373152606821863,0.986436357721628,0.31029127314828986
0.479719261385671,0.9977271785317525,0.2741131830124338
0.647581898621092,0.34040621659788717,0.2027154763731224
0.1857712512999684,0.636187834138173,0.15524162323296387
0.49629259639444534,0.9951035411059366,0.40957433976328406
0.3687324797470271,0.347504631973915,0.1286570481059679
0.2019336430360284,0.9859426974806478,0.14286795636230484
0.3907346504681703,0.9966360210583256,0.14793860696885666
0.6310165824745617,0.6840530548482151,0.33784392353765047
0.2536725401887564,0.9851851531983165,0.07803224214017579
0.23259279762753693,0.895402192623193,0.05633336748980741
0.6331476638046816,0.6738465009379617,0.46349004564919827
0.52660077901333,0.9966126143287808,0.4627684953502177
0.10917870595262846,0.9751296029489411,0.033186592194591275
0.404654726134715,0.9914387343334983,0.24809526661879763
0.8896203290337352,0.9973109408912453,0.231335194262028
0.14400791383918413,0.9820122691632933,0.13072848738388085
0.2913035829926535,0.9951128853975069,0.5166570288402467
0.6597379455397453,0.6920637035487103,0.3078135652482512
0.7010634426519201,0.8657163964330483,0.9161247769955118
0.8059041570756854,0.5763163207213211,0.27131053542947536
0.3152800514763171,0.6039953427192744,0.25898030877361067
0.04706184191687307,0.987477620224049,0.060673891332061136
0.05534709840340754,0.9855014057932097,0.03317101943826857
0.4987134031827922,0.5465580218977604,0.2492820058055548
0.6446269407951405,0.14511541363662617,0.20399547686283523
0.5082754770380817,0.7558525302242936,0.17121143504566202
0.5334473371647345,0.9958444065517178,0.3874936411387796
0.38955674906443116,0.9932082051728892,0.32610725713917954
0.08696562239646884,0.9805534893447485,0.024533561373603588
0.2410964185177737,0.5925489294659687,0.2374189277074619
0.5682065450736162,0.9946297507460995,0.6482394434002967
0.7056212865427952,0.6476612855599415,0.4394076608805152
0.22320839575393087,0.9879590268434348,0.08144399193215685
0.21588658200909097,0.9889501121700592,0.28769623085887763
0.18073259230932728,0.9988381152185382,0.11335765874793172
0.13815367732463674,0.9915052973591003,0.1990489145771994
0.6518472489255105,0.7845662167879477,0.20962104702174364
0.24530135994826657,0.9947165159241342,0.21529163893226297
0.11540658727117178,0.9931915053574769,0.1496062347041542
0.3535247301518054,0.9904651541077787,0.16407595088046525
0.4595664671427906,0.9469263200109876,0.13382475355563667
0.5783437581324022,0.6473810879682629,0.2420920703142039
0.12546669771459465,0.9858948955548301,0.17522471278866888
0.3811563416725187,0.7849922566268657,0.33501822662565883
0.21368369362066006,0.9818112749414929,0.13605436674095675
0.28262639452199306,0.991441989104225,0.5933313171142856
0.37441680387182774,0.9935641070543662,0.3178165772012439
0.4341195704690946,0.9937822072579723,0.3660577364457551
0.5557035733054518,0.9942709011001465,0.4722592880885048
0.24703565217897344,0.0,0.132965070785599
0.2600064673472622,0.8451477310547622,0.16399125426094782
0.30720686572514583,0.9860484733700849,0.6287359659351184
0.7171325802597677,0.9979152810729499,0.5850107776907956
0.5119214777047264,0.9956874863617255,0.4038330297715017
0.14535329039335876,0.993384589573312,0.06882210550325579
0.1657658971322144,0.9897787630506307,0.1979205805214165
0.7862691370118424,0.5542963813116015,0.5971690471866001
0.053463633959080575,0.99344160911507,0.0900564103684244
0.5078029177139348,0.9969205548821007,0.38787629394453627
0.6112452136247866,0.8180622907347319,0.2157379192175348
0.5811512291864052,0.3655110706229079,0.25130777084615896
0.6710996700065239,0.9956807735051043,0.4833846441695714
0.25898330618799364,0.9938175503002047,0.2746192943984266
0.21119601422746667,0.9981308676666314,0.29367438355653486
0.8196773361805662,0.7243602890496057,0.6376759747402289
0.6410755975758688,0.9942061121715378,0.6908264469748089
0.1891819841127848,0.9770249421060881,0.12850877975894845
0.5368107957945878,0.9939552309313096,0.4598794181732119
0.6526704165629466,0.5264333307326823,0.3856956655821707
0.27655486029304954,0.7609397980459989,0.3193900990754359
0.08121792643151311,0.9960379937972272,0.09936528894871621
0.3150050950463267,0.9966337009689512,0.14571026717578775
0.4760353678545428,0.9931040479682138,0.35379861211677444
0.28073064229008515,0.9985489884247098,0.10151929270327381
0.024234051051398683,0.9778238921232016,0.13653492023339286
0.5175547725516545,0.9623544299939801,0.22818045230984532
0.7604222295266274,0.9972761415482265,0.40024176258324984
0.45763608026434666,0.9933417855692512,0.6077369973316737
0.7128217544810169,0.9973553498844587,0.3462142415412143
0.7674846577200549,0.8298761008299482,0.473490542662677
0.5162734866352934,0.9935510071459632,0.20797892754918298
0.6974531490322279,0.9958685483215455,0.23934521807120676
0.21236859647071732,0.9930134151332048,0.2010312941321993
0.09312665833885153,0.9728094125510569,0.24375790983625542
0.30397954466419114,0.998493272374412,0.27561289133707567
0.37354183221323717,0.9933427850362813,0.26330519959574394
0.5751518690252347,0.997319372184734,0.3264508970217993
0.13778118171794404,0.9850571636241894,0.1139412837767303
0.35145131580795386,0.9959444134924993,0.2104833377577375
0.7039733103514408,0.9950506120359928,0.16849831138938884
0.4897257586745727,0.7879084315081608,0.2648438911501362
0.5136222501699335,0.996338307101232,0.3024825684203739
0.07749570017508646,0.9464856089046323,0.09249901891175627
0.7280976922729359,0.627239106087847,0.34759996578963304
0.3427078459407503,0.914631917146157,0.34636267029578516
0.38976812283660933,0.9919536061868033,0.5060848472251762
0.14233889988231185,0.9824624028043105,0.34401267424902326
0.056110168886545256,0.9707683141968435,0.03737953027926169
0.7478118163251498,0.9176500557641167,0.687569925721007
0.18121162064516783,0.9722452328258353,0.20719817321291503
0.2513220934352817,0.9913358759466993,0.04140790230235633
0.24330312518690617,0.9787997957531809,0.18871726284994325
0.5750612393576963,0.99761076541544,0.26058766428107183
0.07681373978345682,0.9982984438246094,0.08242828819807899
0.4747893286195104,0.9925037474463536,0.48484802078422573
0.5522044759946423,0.8885599675311429,0.3072305436176942
0.35013936665392154,0.9878461702343138,0.4396634823148211
0.6646715683240265,0.9947885182900136,0.7344799761409039
0.08405646833617873,0.9566438667993886,0.13415546432300768
0.2540823123780558,0.99182617449178,0.043664249745637984
0.07750991153037072,0.982077903731591,0.059134927924291675
0.3670427229046338,0.99421814684994,0.28553116786403065
0.5516330806210903,0.3592897888747555,0.13715593777481255
0.6188367014953835,0.7786663039545074,0.16140193730773586
0.23749263010462623,0.9877763257865018,0.06768411164019714
0.20366745916942477,0.9935670083375563,0.3058802356620748
0.22742356222944227,0.9931992001661285,0.13302154392087148
0.17122808166267528,0.47375792279523066,0.13400850681219711
0.7587052088403758,0.9404142851434554,0.5090921759922923
0.44032588523433813,0.9913934756226801,0.21403435799465012
0.6048430779465078,0.9980653409029892,0.40639446070647656
0.2995385057141901,0.604281283243586,0.2884556296934222
0.09515188598683094,0.984027051707544,0.08907376133160966
0.8929457855827166,0.5662261635382351,0.6233702719567636
0.8643276590249378,0.29401780492990714,0.28008590383492604
0.20215389900349115,0.9907467042671076,0.3162299172921985
0.5400568502609188,0.9937701664033114,0.33855300133645605
0.7843811000446439,0.7365298129662288,0.4311259177354656
0.5063990128772045,0.9951623833045884,0.2866073989615092
0.230098697555858,0.9979676676819154,0.28015724323488866
0.6756946816656537,0.16083818401235916,0.43364870556348656
0.7946595404971184,0.8136893702345749,0.4317418648507867
0.22508026954254,0.99121704296137,0.3042212924170311
0.5761551763601586,0.9978703965355413,0.25594701687850263
0.6603839703033181,0.9974087933880293,0.3580928812484323
0.5525562945791357,0.9979070404977091,0.3649857890534983
0.8267148364323961,0.9061675128717803,0.33798302736563235
0.21722383749596927,0.9980804934892709,0.021784468096580134
0.11820626577347443,0.980749186770866,0.042824419062412133
0.051754899821861294,0.9375867784962593,0.08549261858389906
0.07384859972299064,0.989790089116205,0.15055099146379242
0.11015888247252476,0.9748487297540074,0.07013037051184393
0.28269347564470887,0.9974770203153358,0.09551747874622216
0.08741204021864213,0.9829161816950005,0.03140188630165694
0.34214084155966384,0.9911466195335452,0.3782209953437746
0.5887761857314006,0.9934894969507824,0.1706051934731216
0.6122545371856604,0.8006704194154051,0.3626802056631061
0.3797828379261608,0.9956019394682658,0.05526566375592554
0.3281743943431184,0.9967147533425316,0.3982949289252913
0.45403756694300235,0.9917302799381933,0.62359609964182
0.021439233038895382,0.9818877972976521,0.0375313446636559
0.4887337417115073,0.9955749201847526,0.36372824482003463
0.6354226780509881,0.15381119816300814,0.1809992322616157
0.2790217855995184,0.9909861359088457,0.14612956646604186
0.288757440172866,0.9926753173905263,0.3393538626041671
0.17943280525077948,0.9932636215752375,0.25705388844493127
0.15083806000413066,0.9940741167335017,0.10016979267584097
0.1587495876474897,0.10031801025536669,0.1571986574140351
0.30568918664541944,0.9963819155419327,0.1509703238573054
0.5804813259456094,0.9940846471946216,0.4368044821428826
0.3445008158350871,0.9931637330504988,0.25177073212659284
0.5508636671549177,0.9975045624467243,0.34285478762181565
0.534648642995956,0.9965509455789145,0.17313505083001438
0.06378907565733144,0.9540339211075219,0.12742953411679367
0.3228085494386021,0.9935419471335523,0.21041573631987362
0.34202517092350604,0.9939090681075624,0.355137013314509
0.380097919997927,0.9953082107167865,0.15715254884906352
0.09479005057563818,0.9640572724825105,0.12253004192518971
0.4542473213584983,0.9962411641764384,0.5377739315777291
0.10788941937876217,0.6360848259091172,0.08576830648746456
0.7386666344451311,0.9976571460719594,0.2707242973269587
0.3702387892365693,0.9946500128866391,0.5041227905468348
0.482209398106046,0.9981077326902008,0.4592427577869759
0.28950099731897355,0.9920421423455281,0.16125227555734326
0.30762103314752576,0.43289995259653824,0.1981994997317065
0.1194536588745573,0.9940889076110306,0.07505617714818638
0.5814082109149099,0.5567459636399648,0.1818561152857461
0.3536545456218157,0.9978283254930724,0.1325440411996313
0.5433543572073488,0.9918029157885162,0.7613553626105445
0.5433066871279073,0.2530114641247232,0.2568658562739231
0.280544208742818,0.9910500436934211,0.2126851113589394
0.2461199003653674,0.9834809640655096,0.16254221022903317
0.43047638414705397,0.8647529101050486,0.3034162884723033
0.243608842222506,0.508176627000392,0.32475031895207684
0.9591654065176541,0.2373718048573228,0.4579211831076784
0.12234682128219637,0.9607108582752042,0.14569626769170044
0.2553249918813581,0.9904789971239507,0.25734092547701826
0.4759792827572952,0.6646422241203946,0.252853057930022
0.25688412811771566,0.9902874547543206,0.23972942712677317
0.21120015305956458,0.9987423526954242,0.1281726609116134
0.07532439760792485,0.9763191590767446,0.09955049183799447
0.30199861925776067,0.9975945625436597,0.21224759325312972
0.3563990270275184,0.5083719642261906,0.05012502740153077
0.12024123094481626,0.9818403333149328,0.042895278262182285
0.18280256130685718,0.9814939219192083,0.04151443028033211
0.5391329533124948,0.4773146727715851,0.3106676482173414
0.05853018534299423,0.9471440909923359,0.019328273889942724
0.17543232939579712,0.9975867900021467,0.13436521003231922
0.37093895467108123,0.9920469908699359,0.3331524132366347
0.2540338519445285,0.9688635410225068,0.16379267521515653
0.020314363650106526,0.9615931475473112,0.11385896904838222
0.31184637908087864,0.9942047102637306,0.22293240951366725
0.9153730706011411,0.9976347873631062,0.8314894694140187
0.6765855536467553,0.9953876106755974,0.4341312973059779
0.2195593294233228,0.9876468067981008,0.0953786741630501
0.23513371492350266,0.9921386529886103,0.08200767062111922
0.16395770852473318,0.9877457367949727,0.12309268808492749
0.2950417746068025,0.9917315530917075,0.3036798154177639
0.8434755523460351,0.9976325463707567,0.3781123217557242
0.4340980802309167,0.9944615331531053,0.5056530532027163
0.0803156977182797,0.980041650233823,0.05157129898089874
0.2749960929765246,0.9822804748293457,0.28552679464103403
0.7128292984803579,0.7927819228035189,0.4830703185549753
0.17760519038057695,0.987412201115401,0.26836195560979303
0.25206469085210864,0.993025812506686,0.3030224157653326
0.3075119625541777,0.9947619610462441,0.3474557130550111
0.5881836914708196,0.9971124725923166,0.15363702439844767
0.563747851310955,0.6512695358720058,0.20630583907918362
0.6124527363560693,0.9954847319651055,0.5112937275557672
0.3450170787806583,0.9855461651481663,0.643097593170567
0.3258884213667078,0.3418255997288846,0.20484701971015892
0.37598781588207125,0.9936198721394074,0.3831017103856268
0.005652117482212053,0.977555996483183,0.05187373971800954
0.34197943916958157,0.9971534915507767,0.2567385161836703
0.024611189529796157,0.9290369632020326,0.04740355939597407
0.1638218521466071,0.9809638270535899,0.08756204947629412
0.28616831609175825,0.7770302708986809,0.20611827127556634
0.10945643555596105,0.9847361099915652,0.06309701914349869
0.3173163078025847,0.8480709329515668,0.35299265946301817
0.6938019956714476,0.2993095587838004,0.9541128405162366
0.700586591921303,0.9974314363405627,0.2836445408740128
0.14214978204234824,0.9916534731527074,0.003891109539177484
0.20939275149386377,0.9978811331530231,0.16255419936864227
0.14361153566017307,0.9956666671667895,0.027349876684360078
0.32340862443594565,0.9894087775290974,0.17949905128957597
0.7765083645437684,0.9971383902240649,0.41771089202839806
0.5256712953995231,0.8822675772206472,0.20365110843922304
0.20521889845666327,0.9971865332377521,0.1565670018022739
0.19169031925639166,0.9939918726549422,0.17192785549649123
0.2872619438397222,0.996765959966323,0.11564709730692735
0.7048591379653547,0.9970205848022602,0.3375746034352348
0.41735383211977894,0.856279874053351,0.3382913057846779
0.8692064884003449,0.5406751371171234,0.32496555533624816
0.23346166637698818,0.2126707117636999,0.13432786463684931
0.9428532297430866,0.6268577910337905,0.3568198517449602
0.6257197617902854,0.8413808860989158,0.2582894695926815
0.2906947566855507,0.985828351889485,0.18749080600900123
0.11599053142195259,0.9758677292157538,0.03548228537918799
0.05815371772947317,0.967856370257614,0.07502478735132848
0.4500301344624004,0.9967586178681305,0.35213295116439947
0.24595244349342565,0.977250737419938,0.607215069784012
0.41186895587267525,0.9946710316155942,0.44260816018634097
0.7268221760452951,0.8150225251553851,0.5773885130939747
0.4920248290392575,0.691801260217823,0.3099877031487891
0.1623143000094297,0.673592268778741,0.06804769997797905
0.24972120405444592,0.9791871632742912,0.2533962944548207
0.5082122483462245,0.7578770014167173,0.3079181299665401
0.11757385337299336,0.9662965487377424,0.07908970923491337
0.4691370283215358,0.9953446110016262,0.3295758457046991
0.08711728555356718,0.9614191686691014,0.2436819637854956
0.4353288680992322,0.9948713264803206,0.1270720385798323
0.13865598473828616,0.9921087468321141,0.20494711931099033
0.16912921042569382,0.9729071773030811,0.2538436297969072
0.11627167750812703,0.9874624017669353,0.05252647992590859
0.1522152142771578,0.9893879036933335,0.16708831623384765
0.40289985971292464,0.997194159529107,0.4232544620897698
0.09820458558121328,0.995630234053029,0.1529912698259489
0.46902393740190107,0.9976312144602606,0.32691546050898534
0.4074586155825034,0.9969149608040351,0.2916629629012414
0.13073328531825637,0.9771195644526645,0.03622192998649873
0.9074754603571287,0.326472196016262,0.734840174153226
0.22166509324829403,0.9089586174756501,0.16442033159546912
0.23106319830761335,0.9797733555957395,0.33355740698582026
0.4433831439636175,0.7372319451964915,0.2788746055734551
0.6431602106465165,0.9949987410808425,0.1708064414028966
0.2036452940424266,0.9989903441421746,0.21753688899049392
0.44415181178948504,0.9963856838906764,0.3407691165274207
0.5543862857962119,0.9972953195357672,0.28751606579189115
0.7054473141054947,0.9967126155500299,0.4177373646350643
0.3974238735457171,0.9966341116148849,0.3496334987759192
0.39073279108958303,0.991024505640713,0.32909592738327176
0.22421670644391395,0.9578309780309169,0.09496292948852664
0.23337243938899588,0.3119785843671903,0.20028136709316732
0.4999924713036138,0.7826713137544814,0.22358113716803998
0.7198694934202623,0.28891338642105757,0.5294984039165241
0.10961545280676521,0.9961679109836912,0.11897221435571748
0.8463741300121526,0.9965577874481191,0.3838429180820606
0.58744769067241,0.9954274784410673,0.43346068932641035
0.3396956571179101,0.6318328124656081,0.15829697742755677
0.158848634905019,0.3990941896668312,0.13939153746574642
0.7856503017957934,0.9365185618067693,0.5694152324202257
0.19229764204466843,0.9808200853636813,0.4654506761514613
0.47529269268157126,0.6720670500598669,0.19164984137917226
0.4009413072779825,0.9971027317910071,0.3678649788569355
0.3109826039570675,0.9968904775043692,0.2971714566835344
0.16400212603483758,0.9755650252505801,0.29014543196517784
0.5344581636746099,0.9975134398954075,0.6655665798825184
0.7090566316335247,0.2849322404261063,0.6302703317875251
0.19593229817944335,0.9902170077086183,0.163851235358606
0.5833295588183651,0.35547394399155485,0.10702977002017383
0.24327536725798982,0.9955785144505931,0.24244797738387544
0.40331695445681964,0.9953695736025303,0.26403737653676385
0.19769238604372066,0.9890299327550942,0.2346207861856799
0.5398138035558975,0.9961080199747856,0.31995025014976497
0.901514571851111,0.9670503392352312,0.48967236427155025
0.5617836327211772,0.9936696083078156,0.499768426586518
0.16476852177315446,0.9888525169824465,0.24034004558203234
0.17905651219052118,0.767150174170055,0.11304821677195998
0.46703341353185085,0.9967697211073638,0.14460952514752706
0.35891465966452013,0.9927404141862877,0.30205042934832194
0.46752639535115037,0.995990284714549,0.2131300496022797
0.6903924365024501,0.7416476578512377,0.29540820152943614
0.39572040086784915,0.993209890096187,0.15045104910478688
0.4947772053881748,0.9962765024068896,0.3098198821969198
0.6236764521126565,0.6125331428839693,0.30911176468484625
0.5892557015102151,0.9939857245496551,0.33384656925946377
0.4826564782267191,0.9905147961035403,0.5552836089759516
0.41868277391799347,0.9953220432019017,0.1620540966250427
0.2434393264874914,0.9972899567136377,0.39504533885735804
0.44218782653726524,0.9917999799169388,0.7125346047539803
0.3647039159258216,0.9866335075511008,0.21300895116493954
0.811641517299718,0.6279699035847608,0.6825679064363892
0.7217600169793308,0.9688001780463436,0.4929861161293768
0.5391173880519348,0.997044082340764,0.46351303788734755
0.36986490359469104,0.9872259660810838,0.38755674838288234
0.33202447523785344,0.18877069008964664,0.17047380374435198
